{"hugging_face": {"rouge": {"rouge1": 0.5547712743967821, "rouge2": 0.4506624206920343, "rougeL": 0.5409715079082146, "rougeLsum": 0.5414734046426599}, "bleu": {"bleu": 0.3317203193118588, "precisions": [0.8294930875576036, 0.7112299465240641, 0.6139240506329114, 0.5116279069767442], "brevity_penalty": 0.5055907912775419, "length_ratio": 0.5945205479452055, "translation_length": 217, "reference_length": 365}, "bert_score": {"Precision": 0.7835226058959961, "Recall": 0.6006854772567749, "F1_score": 0.6739071011543274}}, "openai": {"rouge": {"rouge1": 0.40032768188596907, "rouge2": 0.28142575856268126, "rougeL": 0.3546673190863121, "rougeLsum": 0.3567029774896657}, "bleu": {"bleu": 0.11774247959571418, "precisions": [0.2340956340956341, 0.1423157894736842, 0.09339019189765459, 0.061771058315334776], "brevity_penalty": 1.0, "length_ratio": 6.589041095890411, "translation_length": 2405, "reference_length": 365}, "bert_score": {"Precision": 0.6306456327438354, "Recall": 0.8516349792480469, "F1_score": 0.7186407446861267}}}